{"pools":[{"rolls":1,"entries":[{"type":"item","name":"minecraft:diamond_hoe","weight":50,"conditions":[],"functions":[{"function":"set_count","count":588}]},{"type":"item","name":"minecraft:diamond_hoe","weight":50,"conditions":[],"functions":[{"function":"set_count","count":996}]},{"type":"item","name":"minecraft:diamond_hoe","weight":50,"conditions":[],"functions":[{"function":"set_count","count":403}]},{"type":"item","name":"minecraft:diamond_hoe","weight":50,"conditions":[],"functions":[{"function":"set_count","count":205}]}]}]}